id,first_name,last_name,email,gender,ip_address
1,Derk,Descroix,ddescroix0@etsy.com,Male,132.137.117.94
2,Kelila,Seakings,kseakings1@miitbeian.gov.cn,Female,230.216.49.191
3,Agatha,Hartly,ahartly2@bravesites.com,Female,15.34.40.118
4,Jolene,Stuckford,jstuckford3@pagesperso-orange.fr,Female,252.154.79.47
5,Salome,Gallone,sgallone4@hhs.gov,Polygender,99.133.2.66
6,Bordy,Mellor,bmellor5@mayoclinic.com,Male,233.240.183.5
7,Gizela,Fillis,gfillis6@nhs.uk,Female,103.188.127.54
8,Maighdiln,Crewe,mcrewe7@uiuc.edu,Female,198.70.10.94
9,Falkner,Rostern,frostern8@storify.com,Male,68.112.242.225
10,Jojo,Steiner,jsteiner9@qq.com,Female,241.247.186.213
11,Lisabeth,Haddy,lhaddya@sbwire.com,Female,205.168.145.190
12,Rene,Ivushkin,rivushkinb@eventbrite.com,Female,18.28.225.37
13,Iseabal,Playfair,iplayfairc@reuters.com,Agender,35.180.71.124
14,Aube,Humby,ahumbyd@instagram.com,Male,18.31.126.133
15,Horten,Uvedale,huvedalee@ameblo.jp,Male,52.34.70.145
16,Drake,Orpyne,dorpynef@eepurl.com,Male,142.161.5.212
17,Nelia,Soars,nsoarsg@etsy.com,Female,25.6.135.33
18,Otho,Burgiss,oburgissh@amazon.de,Male,76.180.19.168
19,Zahara,Habin,zhabini@nps.gov,Female,254.166.99.126
20,Celine,Matitiaho,cmatitiahoj@woothemes.com,Female,60.125.67.63
21,Zachariah,Aikin,zaikink@blogger.com,Male,197.173.112.238
22,Hertha,Giacovelli,hgiacovellil@163.com,Female,133.124.37.138
23,Arri,Orton,aortonm@bravesites.com,Male,151.161.166.48
24,Lorene,Malcolm,lmalcolmn@google.ru,Female,129.174.14.247
25,Rudy,Soan,rsoano@dot.gov,Male,127.182.46.124
26,Marv,Woodwind,mwoodwindp@creativecommons.org,Male,54.150.76.141
27,Preston,Gerty,pgertyq@lycos.com,Male,204.127.165.10
28,Beverlie,Strethill,bstrethillr@usgs.gov,Female,104.23.147.134
29,Fernando,Bankes,fbankess@admin.ch,Agender,255.193.133.75
30,Yalonda,Keam,ykeamt@nba.com,Female,56.135.231.162
31,Fidelity,Apthorpe,fapthorpeu@spotify.com,Female,66.171.243.32
32,Loren,Bartosinski,lbartosinskiv@tripod.com,Female,106.91.154.142
33,Faythe,Bowers,fbowersw@biblegateway.com,Female,2.176.21.158
34,Samuele,Marciek,smarciekx@reddit.com,Male,240.158.29.98
35,Delano,Gladstone,dgladstoney@flavors.me,Male,90.141.85.61
36,Corabella,Billo,cbilloz@sbwire.com,Female,233.156.6.69
37,Doroteya,Sauniere,dsauniere10@w3.org,Female,164.51.23.93
38,Simone,Kaes,skaes11@godaddy.com,Male,54.38.114.70
39,Dick,Bonnet,dbonnet12@fastcompany.com,Male,153.231.111.169
40,Jori,Doy,jdoy13@vk.com,Female,135.104.181.139
41,Janela,Karlsson,jkarlsson14@addtoany.com,Female,58.145.251.45
42,Jandy,Piborn,jpiborn15@printfriendly.com,Female,149.89.157.188
43,Claiborn,Gittoes,cgittoes16@google.com,Male,23.164.108.118
44,Harriet,Lambal,hlambal17@delicious.com,Female,142.127.38.213
45,Harp,Fuge,hfuge18@stanford.edu,Male,165.199.110.129
46,Gray,Meo,gmeo19@java.com,Female,91.8.65.116
47,Vincenty,Dady,vdady1a@mit.edu,Male,183.217.85.138
48,Delainey,MacMechan,dmacmechan1b@hubpages.com,Male,13.5.247.159
49,Goddard,Garrand,ggarrand1c@yahoo.com,Male,111.92.249.3
50,Dolph,Crumb,dcrumb1d@csmonitor.com,Bigender,197.244.129.62
51,Leroy,Willwood,lwillwood1e@spiegel.de,Non-binary,63.160.101.70
52,Der,Churches,dchurches1f@biglobe.ne.jp,Male,226.35.59.185
53,Irvin,Cordy,icordy1g@plala.or.jp,Genderqueer,157.31.117.39
54,Lothario,Margrett,lmargrett1h@php.net,Male,26.201.218.187
55,Jayme,Elcoat,jelcoat1i@sakura.ne.jp,Female,224.236.66.151
56,Adelaida,Lovie,alovie1j@twitpic.com,Female,170.161.59.99
57,Skell,Cleife,scleife1k@state.tx.us,Male,163.19.139.213
58,Shepperd,Willshere,swillshere1l@ftc.gov,Male,116.234.136.24
59,Zed,Gossage,zgossage1m@harvard.edu,Male,160.152.0.129
60,Caldwell,Keddle,ckeddle1n@epa.gov,Male,72.202.179.92
61,Toni,Trimming,ttrimming1o@smh.com.au,Female,118.68.61.141
62,Towny,Satterthwaite,tsatterthwaite1p@photobucket.com,Male,127.88.45.1
63,Winifred,Print,wprint1q@tuttocitta.it,Female,212.43.229.5
64,Eugenia,Swindon,eswindon1r@theglobeandmail.com,Female,127.17.5.133
65,Grant,Lepard,glepard1s@paginegialle.it,Male,55.48.63.168
66,Caprice,MacDearmont,cmacdearmont1t@ustream.tv,Female,52.186.201.31
67,Heriberto,Hinze,hhinze1u@mtv.com,Male,34.228.107.88
68,Luci,Matoshin,lmatoshin1v@ask.com,Female,205.114.206.220
69,Demott,McKeevers,dmckeevers1w@adobe.com,Polygender,128.92.46.32
70,Zuzana,Fellgatt,zfellgatt1x@thetimes.co.uk,Female,25.166.110.18
71,Myer,Simkovitz,msimkovitz1y@bluehost.com,Male,73.77.126.233
72,Jacquelyn,Coslett,jcoslett1z@epa.gov,Genderfluid,146.64.131.174
73,Mindy,Cuvley,mcuvley20@illinois.edu,Female,234.9.119.171
74,Nicolina,Kuhnel,nkuhnel21@weebly.com,Female,42.236.54.209
75,Scotty,Rodolphe,srodolphe22@devhub.com,Male,36.15.168.127
76,Andra,Upex,aupex23@biblegateway.com,Female,101.200.50.64
77,Maryl,Menguy,mmenguy24@mapquest.com,Female,183.149.64.16
78,Giavani,Hunston,ghunston25@amazon.de,Male,249.5.13.95
79,Stan,Tertre,stertre26@friendfeed.com,Male,233.210.200.19
80,Delaney,Shadrack,dshadrack27@yolasite.com,Male,22.72.182.102
81,Gaston,Imore,gimore28@gnu.org,Male,206.210.241.192
82,Paule,Ashborn,pashborn29@chronoengine.com,Female,100.100.235.54
83,Barb,Mowatt,bmowatt2a@guardian.co.uk,Female,146.141.204.226
84,Veronika,Davley,vdavley2b@creativecommons.org,Female,18.207.234.163
85,Aimil,Mowett,amowett2c@cisco.com,Genderfluid,198.70.212.207
86,Issi,Blackburn,iblackburn2d@alibaba.com,Female,62.225.123.128
87,Belva,Dullingham,bdullingham2e@photobucket.com,Female,57.186.96.88
88,Gabriela,Philipard,gphilipard2f@simplemachines.org,Female,77.43.128.138
89,Cynthea,Neeves,cneeves2g@upenn.edu,Female,106.197.215.81
90,Derek,Biskupiak,dbiskupiak2h@google.ca,Male,138.46.94.30
91,Brendis,Hardesty,bhardesty2i@bbc.co.uk,Male,205.232.6.52
92,Janeen,Maslen,jmaslen2j@irs.gov,Female,225.192.237.9
93,Fancy,McCallister,fmccallister2k@macromedia.com,Female,162.99.18.67
94,Dexter,Meece,dmeece2l@adobe.com,Male,75.217.224.173
95,Em,Flamank,eflamank2m@alexa.com,Male,147.234.94.52
96,Jill,Veque,jveque2n@ted.com,Female,79.92.11.194
97,Georgia,Skrzynski,gskrzynski2o@posterous.com,Female,89.195.47.13
98,Fionnula,Deaton,fdeaton2p@sfgate.com,Female,56.64.55.104
99,Rogerio,MattiCCI,rmatticci2q@china.com.cn,Male,143.149.182.80
100,Carlita,Collington,ccollington2r@salon.com,Female,255.177.237.201
101,Cammy,Bisacre,cbisacre2s@howstuffworks.com,Male,119.247.130.57
102,Lea,Coltherd,lcoltherd2t@wisc.edu,Female,209.180.1.55
103,Bertina,Willcocks,bwillcocks2u@unblog.fr,Female,21.77.147.141
104,Shantee,La Grange,slagrange2v@macromedia.com,Female,86.60.30.184
105,Rustin,Goldie,rgoldie2w@tinyurl.com,Male,234.127.182.178
106,Cathy,Klee,cklee2x@github.com,Female,21.69.10.82
107,Blair,Mogie,bmogie2y@un.org,Female,127.104.194.94
108,Jodie,Dutson,jdutson2z@nifty.com,Male,215.250.131.70
109,Gwenny,Regnard,gregnard30@ihg.com,Female,198.188.171.125
110,Andre,Kofax,akofax31@google.co.jp,Male,146.162.59.77
111,Lorrie,Headington,lheadington32@mapy.cz,Female,3.168.117.33
112,Leisha,Crinidge,lcrinidge33@phpbb.com,Female,37.207.122.40
113,Inna,Cleverley,icleverley34@mediafire.com,Female,172.227.106.47
114,Berget,Meece,bmeece35@baidu.com,Female,159.111.184.128
115,Lynn,Maso,lmaso36@latimes.com,Female,252.55.171.181
116,Dermot,Aprahamian,daprahamian37@hhs.gov,Male,83.137.39.90
117,Clemmie,Enrigo,cenrigo38@dagondesign.com,Male,244.141.134.218
118,Michaella,Winfred,mwinfred39@booking.com,Female,204.119.95.126
119,Perice,Romayne,promayne3a@apache.org,Male,201.191.106.79
120,Marcel,Whitby,mwhitby3b@xinhuanet.com,Male,217.95.36.109
121,Lucien,Overbury,loverbury3c@trellian.com,Male,96.182.159.81
122,Daisey,Lockton,dlockton3d@china.com.cn,Female,187.22.235.92
123,Lorrayne,Cranmor,lcranmor3e@umich.edu,Female,243.48.84.194
124,Farrah,Waylett,fwaylett3f@last.fm,Female,234.50.156.21
125,Melba,Chattock,mchattock3g@cbc.ca,Female,94.117.68.98
126,Isiahi,McGaughay,imcgaughay3h@altervista.org,Male,89.98.23.93
127,Gabbie,Pesak,gpesak3i@baidu.com,Female,98.17.241.97
128,Arlette,Hughson,ahughson3j@simplemachines.org,Female,15.98.204.188
129,Vincent,Ebbitt,vebbitt3k@cnet.com,Male,128.76.174.69
130,Luce,Wharin,lwharin3l@un.org,Female,242.253.129.41
131,Andre,Aikett,aaikett3m@booking.com,Male,36.117.210.152
132,Rosette,Blakiston,rblakiston3n@indiegogo.com,Female,218.109.29.103
133,Reina,Rizzillo,rrizzillo3o@omniture.com,Female,164.126.132.46
134,Mar,Duffer,mduffer3p@wiley.com,Male,234.220.136.164
135,Justinn,Adenet,jadenet3q@ted.com,Female,110.84.219.121
136,Sheffield,Coughan,scoughan3r@bigcartel.com,Male,173.105.155.96
137,Tiler,Tromans,ttromans3s@ebay.com,Non-binary,86.136.234.205
138,Donia,Jaggers,djaggers3t@biblegateway.com,Female,55.142.106.170
139,Bernard,Keeri,bkeeri3u@omniture.com,Male,237.61.122.185
140,Rosemarie,Purry,rpurry3v@apache.org,Female,203.113.1.76
141,Gisela,Sexcey,gsexcey3w@amazon.com,Agender,49.155.81.19
142,Danni,Pentland,dpentland3x@google.com.hk,Female,247.65.113.22
143,Sargent,Iacobassi,siacobassi3y@shop-pro.jp,Male,119.68.115.139
144,Niall,Strathearn,nstrathearn3z@foxnews.com,Polygender,75.75.61.41
145,Hank,Newbery,hnewbery40@paypal.com,Male,122.97.224.13
146,Barnaby,Swindell,bswindell41@wufoo.com,Male,127.97.82.130
147,Alon,Scarsbrooke,ascarsbrooke42@so-net.ne.jp,Male,80.237.28.84
148,Queenie,Tinner,qtinner43@angelfire.com,Female,225.180.48.103
149,Cherin,Ivanuschka,civanuschka44@census.gov,Non-binary,250.32.222.74
150,Reinwald,Ahmed,rahmed45@va.gov,Bigender,101.182.252.204
151,Laurie,MacKettrick,lmackettrick46@taobao.com,Female,170.236.6.34
152,Perry,Wessing,pwessing47@yelp.com,Female,91.19.226.3
153,Freedman,Klammt,fklammt48@ibm.com,Male,237.80.6.32
154,Angeline,Upcott,aupcott49@1688.com,Female,179.65.166.24
155,Julian,Candy,jcandy4a@ibm.com,Male,88.193.96.187
156,Gaelan,Kinnen,gkinnen4b@ucsd.edu,Male,82.150.7.181
157,Ralph,Gillicuddy,rgillicuddy4c@prweb.com,Male,191.89.5.235
158,Feliza,Gethouse,fgethouse4d@fema.gov,Female,205.220.231.38
159,Catharina,Gensavage,cgensavage4e@bloglovin.com,Female,67.156.55.139
160,Lurette,Bonhomme,lbonhomme4f@elegantthemes.com,Female,119.202.201.141
161,Fiann,Byles,fbyles4g@ftc.gov,Female,110.232.33.103
162,Darelle,Miko,dmiko4h@ihg.com,Female,179.16.87.176
163,Artemus,Sawday,asawday4i@mediafire.com,Male,33.176.72.154
164,Almeta,Maplethorp,amaplethorp4j@godaddy.com,Female,44.55.210.188
165,Jule,Pitrelli,jpitrelli4k@pcworld.com,Male,178.83.20.6
166,Ailey,Harms,aharms4l@angelfire.com,Female,14.39.125.199
167,Townsend,Flaverty,tflaverty4m@creativecommons.org,Male,152.13.159.83
168,Neale,Coalburn,ncoalburn4n@odnoklassniki.ru,Male,138.1.155.34
169,Say,Delgardillo,sdelgardillo4o@patch.com,Male,222.105.78.232
170,Simonette,Pourvoieur,spourvoieur4p@wp.com,Female,123.107.92.93
171,Englebert,Hopfer,ehopfer4q@arizona.edu,Male,177.97.156.214
172,Van,Horrod,vhorrod4r@sitemeter.com,Female,81.154.92.205
173,Sly,MacNeilley,smacneilley4s@noaa.gov,Male,106.128.164.88
174,Rina,Annwyl,rannwyl4t@wiley.com,Female,132.41.252.221
175,Clive,Tyndall,ctyndall4u@wikispaces.com,Male,85.137.219.61
176,Barbie,Haggath,bhaggath4v@furl.net,Genderfluid,63.34.98.76
177,Marmaduke,Blincow,mblincow4w@odnoklassniki.ru,Male,175.211.113.247
178,Kelcy,Klosser,kklosser4x@dyndns.org,Female,233.132.125.80
179,Putnem,Chilvers,pchilvers4y@archive.org,Male,247.112.132.180
180,Odie,O'Day,ooday4z@ebay.com,Male,190.19.86.144
181,Benedict,Bradd,bbradd50@paypal.com,Male,248.69.249.103
182,Oliy,Bygrove,obygrove51@desdev.cn,Female,159.196.185.170
183,Marena,Hallford,mhallford52@sitemeter.com,Female,56.139.29.213
184,Elsbeth,Cokely,ecokely53@odnoklassniki.ru,Female,55.88.75.92
185,Hernando,Woodwind,hwoodwind54@alibaba.com,Male,99.47.141.184
186,Torey,Mathou,tmathou55@toplist.cz,Male,184.197.43.20
187,Nedda,Kornyshev,nkornyshev56@amazon.co.uk,Genderqueer,167.74.174.59
188,Northrup,Sanches,nsanches57@meetup.com,Male,225.245.185.193
189,Constantia,Tal,ctal58@51.la,Female,14.211.71.233
190,Goldarina,Bess,gbess59@networkadvertising.org,Female,61.193.189.232
191,Avrom,Guerry,aguerry5a@nhs.uk,Male,56.161.6.194
192,Juli,Bradshaw,jbradshaw5b@cbsnews.com,Female,49.74.244.66
193,Judye,Von Gladbach,jvongladbach5c@salon.com,Female,3.206.6.247
194,Lou,Revening,lrevening5d@skyrock.com,Male,200.137.127.163
195,Lothario,Eastwood,leastwood5e@ftc.gov,Male,190.201.76.100
196,Lars,Janney,ljanney5f@1688.com,Bigender,23.162.69.203
197,Sue,MacAvddy,smacavddy5g@eepurl.com,Female,4.58.0.33
198,Louisa,Apark,lapark5h@dailymotion.com,Female,85.78.142.71
199,Stearn,Barlas,sbarlas5i@ibm.com,Bigender,234.14.79.30
200,Eldin,Sulman,esulman5j@discovery.com,Male,7.237.242.161
201,Grover,M'Chirrie,gmchirrie5k@about.me,Male,100.24.214.92
202,Jude,Carrabott,jcarrabott5l@delicious.com,Male,223.237.106.55
203,Norrie,Ainsworth,nainsworth5m@clickbank.net,Female,58.217.112.185
204,Sergio,Pighills,spighills5n@huffingtonpost.com,Male,42.176.19.109
205,Arie,Hunnable,ahunnable5o@boston.com,Male,76.44.42.249
206,Cheslie,Braga,cbraga5p@dion.ne.jp,Non-binary,184.105.161.167
207,Batholomew,Barca,bbarca5q@blog.com,Male,214.146.24.216
208,Kippy,Hands,khands5r@wikimedia.org,Male,133.29.142.178
209,Raye,Gilluley,rgilluley5s@ucsd.edu,Female,70.244.98.91
210,Berget,Newell,bnewell5t@latimes.com,Female,7.163.21.98
211,Delainey,Derrett,dderrett5u@posterous.com,Male,165.86.25.13
212,Tally,Hedylstone,thedylstone5v@histats.com,Male,228.56.105.126
213,Julietta,Karczinski,jkarczinski5w@cbc.ca,Female,197.156.134.50
214,Amalea,Gazzard,agazzard5x@geocities.com,Female,123.68.59.205
215,Jourdan,Pidgley,jpidgley5y@bbb.org,Genderqueer,165.211.163.64
216,Cosmo,Verrills,cverrills5z@sfgate.com,Male,237.88.32.206
217,Gal,Mc Caghan,gmccaghan60@facebook.com,Male,63.14.188.156
218,Christabel,Brogan,cbrogan61@indiatimes.com,Female,129.97.11.229
219,Janis,Tolchar,jtolchar62@vkontakte.ru,Female,74.215.195.178
220,Brose,Mordanti,bmordanti63@barnesandnoble.com,Male,193.131.101.150
221,Bogart,Shortt,bshortt64@gizmodo.com,Male,82.70.147.1
222,Willard,Briand,wbriand65@mit.edu,Male,58.144.204.127
223,Maxine,Aspall,maspall66@chicagotribune.com,Female,15.191.9.87
224,Wood,Peggs,wpeggs67@addtoany.com,Male,60.235.91.27
225,Bruis,Willerton,bwillerton68@tripadvisor.com,Male,120.68.52.164
226,Rikki,McPhaden,rmcphaden69@jigsy.com,Female,135.168.234.160
227,Lizabeth,Kingswood,lkingswood6a@geocities.com,Female,3.254.211.72
228,Alejandro,Ashbee,aashbee6b@mediafire.com,Male,196.92.156.155
229,Mignonne,Maginn,mmaginn6c@seattletimes.com,Female,191.16.81.209
230,Rhoda,Laville,rlaville6d@geocities.jp,Female,178.69.221.202
231,Zaria,Hasslocher,zhasslocher6e@sciencedirect.com,Female,61.182.151.116
232,Fanni,Sebrens,fsebrens6f@clickbank.net,Female,53.53.226.71
233,Clevey,Kentish,ckentish6g@etsy.com,Male,161.233.106.255
234,Angelita,Battill,abattill6h@sun.com,Female,217.112.122.184
235,Sophey,Ffoulkes,sffoulkes6i@ed.gov,Female,105.72.107.34
236,Christye,Strickler,cstrickler6j@w3.org,Female,222.213.217.197
237,Benjy,Kobiela,bkobiela6k@dell.com,Male,114.74.227.114
238,Archibaldo,Pollins,apollins6l@bloglines.com,Male,161.80.139.27
239,Ulrike,Schole,uschole6m@dropbox.com,Female,209.247.165.171
240,Noll,Leynton,nleynton6n@mediafire.com,Male,228.78.234.134
241,Fields,Bendix,fbendix6o@squidoo.com,Male,100.174.107.38
242,Talia,Strangward,tstrangward6p@shinystat.com,Female,80.103.212.101
243,Stearn,Nottram,snottram6q@multiply.com,Male,148.1.7.86
244,Merci,MacCarrick,mmaccarrick6r@tumblr.com,Female,22.30.180.185
245,Doug,Dumbrill,ddumbrill6s@facebook.com,Male,87.219.134.56
246,Hayyim,Standingford,hstandingford6t@scribd.com,Male,39.48.160.56
247,Madelyn,Marvelley,mmarvelley6u@jalbum.net,Polygender,215.118.139.129
248,Arnoldo,Dallyn,adallyn6v@devhub.com,Male,247.242.63.50
249,Matthew,Delete,mdelete6w@rakuten.co.jp,Male,104.250.119.72
250,Aldwin,Senecaut,asenecaut6x@behance.net,Male,197.199.204.249
251,Allyn,Lerego,alerego6y@shutterfly.com,Male,3.44.48.226
252,Modestia,Videan,mvidean6z@myspace.com,Female,69.185.122.12
253,Fernando,Kemery,fkemery70@gravatar.com,Male,126.221.221.59
254,Griswold,Mays,gmays71@wisc.edu,Male,191.34.145.205
255,Normy,Yeaman,nyeaman72@last.fm,Male,56.93.123.46
256,Winnie,Berzins,wberzins73@is.gd,Female,213.29.99.115
257,Tawsha,Stoacley,tstoacley74@t-online.de,Female,71.213.239.133
258,Selby,Doyley,sdoyley75@domainmarket.com,Male,58.224.84.192
259,Tremayne,Shiers,tshiers76@wordpress.com,Male,75.101.240.218
260,Ninnette,Vickar,nvickar77@xinhuanet.com,Non-binary,110.169.159.124
261,Salomo,Shergill,sshergill78@seesaa.net,Male,24.81.12.35
262,Victoir,Castiglio,vcastiglio79@unicef.org,Male,62.23.240.47
263,Ira,Moxsom,imoxsom7a@shareasale.com,Female,75.85.8.216
264,Parke,Raden,praden7b@geocities.com,Male,45.124.248.97
265,Alonso,Skillicorn,askillicorn7c@discuz.net,Male,215.29.11.215
266,Sebastian,Popov,spopov7d@icio.us,Male,19.243.245.44
267,Hashim,Gull,hgull7e@reddit.com,Male,180.119.231.216
268,Averil,Hillin,ahillin7f@skyrock.com,Female,67.242.246.112
269,Raddie,Gotcliff,rgotcliff7g@amazonaws.com,Male,58.110.7.130
270,Banky,Lamb,blamb7h@creativecommons.org,Male,53.176.137.4
271,Rozelle,Rainforth,rrainforth7i@networksolutions.com,Female,33.72.19.50
272,Philippine,Healing,phealing7j@zdnet.com,Female,211.207.220.59
273,Domini,Fairhead,dfairhead7k@bravesites.com,Female,7.98.245.53
274,Corbett,Bullas,cbullas7l@nymag.com,Male,178.245.117.22
275,Welby,Feyer,wfeyer7m@google.co.uk,Male,4.238.170.229
276,Sigvard,Joules,sjoules7n@weibo.com,Genderfluid,165.176.97.228
277,Tann,Dalgardno,tdalgardno7o@zdnet.com,Male,201.204.12.125
278,Allyce,Morillas,amorillas7p@google.es,Female,216.1.133.233
279,Elspeth,Dearing,edearing7q@facebook.com,Female,228.10.125.141
280,Farlee,Bark,fbark7r@java.com,Agender,226.236.78.148
281,Derry,Miche,dmiche7s@google.de,Male,2.241.78.18
282,Jacquette,Leve,jleve7t@blog.com,Female,96.234.190.145
283,Drud,Girodin,dgirodin7u@qq.com,Male,49.245.221.211
284,Virgie,Cousans,vcousans7v@pinterest.com,Female,124.35.93.63
285,Nollie,Strickett,nstrickett7w@e-recht24.de,Male,200.125.119.217
286,Jami,Beever,jbeever7x@wikipedia.org,Female,133.57.189.35
287,Ivie,Anselm,ianselm7y@xrea.com,Female,194.194.16.168
288,Adriano,Claesens,aclaesens7z@nytimes.com,Male,219.20.17.216
289,Fifine,Ruben,fruben80@cmu.edu,Female,15.104.175.48
290,Clarette,Revell,crevell81@google.com.hk,Female,14.154.227.176
291,Ivonne,Bewley,ibewley82@elpais.com,Female,123.96.88.100
292,Klemens,Heather,kheather83@last.fm,Male,138.16.95.238
293,Sandro,Bramford,sbramford84@answers.com,Male,152.76.148.184
294,Ninnetta,O'Brallaghan,nobrallaghan85@icq.com,Female,19.34.91.78
295,Pietro,Hatrey,phatrey86@disqus.com,Bigender,31.247.128.6
296,Shaun,Ca,sca87@google.ca,Polygender,50.130.215.122
297,Simona,Proppers,sproppers88@icq.com,Genderfluid,188.25.129.106
298,Sheryl,Hulks,shulks89@meetup.com,Female,137.204.249.231
299,Jacquelyn,Janous,jjanous8a@blogs.com,Genderqueer,9.8.52.168
300,Gwynne,Shiel,gshiel8b@reuters.com,Female,249.255.135.159
301,Saundra,MacKilroe,smackilroe8c@stumbleupon.com,Male,115.187.62.207
302,Jedediah,Jakubowski,jjakubowski8d@jigsy.com,Male,17.204.45.165
303,Lyndell,Portinari,lportinari8e@marriott.com,Female,161.159.207.70
304,Darsey,Woodhall,dwoodhall8f@aol.com,Female,65.165.137.85
305,Clerkclaude,Hallum,challum8g@elpais.com,Male,86.197.22.136
306,Jeromy,MacCourt,jmaccourt8h@github.com,Male,151.139.104.3
307,Wilona,Stockell,wstockell8i@google.ca,Female,57.80.58.119
308,Lissy,Siddle,lsiddle8j@sun.com,Female,228.235.34.222
309,Colver,Perren,cperren8k@amazon.co.jp,Bigender,8.73.223.159
310,Stephanus,Askey,saskey8l@csmonitor.com,Male,197.234.73.14
311,Cullie,Kensett,ckensett8m@kickstarter.com,Male,226.33.107.161
312,Urbanus,Lokier,ulokier8n@goodreads.com,Male,81.202.112.39
313,Tony,Syde,tsyde8o@nih.gov,Female,255.33.197.204
314,Cobb,Jarrold,cjarrold8p@thetimes.co.uk,Male,103.173.227.3
315,Fee,Aidler,faidler8q@reverbnation.com,Male,167.172.130.113
316,Rosemary,McMurty,rmcmurty8r@spotify.com,Female,16.169.33.123
317,Leone,Wetherby,lwetherby8s@printfriendly.com,Female,233.58.70.60
318,Toby,Guyon,tguyon8t@dailymail.co.uk,Female,36.247.29.149
319,Tate,d' Eye,tdeye8u@freewebs.com,Male,68.9.195.188
320,Ruthi,MacAllaster,rmacallaster8v@discovery.com,Female,119.1.140.56
321,Merrile,Keetch,mkeetch8w@mac.com,Female,92.227.127.57
322,Araldo,Moulden,amoulden8x@angelfire.com,Male,89.69.162.99
323,Olwen,Lackner,olackner8y@istockphoto.com,Female,174.143.247.37
324,Cort,Libbis,clibbis8z@msu.edu,Male,164.116.0.31
325,Gill,Formilli,gformilli90@g.co,Male,58.66.201.62
326,Rafa,Farfoot,rfarfoot91@youtu.be,Female,224.149.251.120
327,Janifer,Bris,jbris92@statcounter.com,Female,107.153.73.95
328,Cyrill,Rosenkranc,crosenkranc93@cornell.edu,Male,244.154.135.100
329,Ric,MacKerley,rmackerley94@artisteer.com,Male,28.233.219.118
330,Midge,Ottosen,mottosen95@nih.gov,Female,42.130.23.247
331,Melamie,Livingstone,mlivingstone96@wired.com,Female,94.248.10.67
332,Janela,Lowry,jlowry97@ucsd.edu,Female,191.34.176.29
333,Daisy,Pfertner,dpfertner98@ow.ly,Female,134.66.15.141
334,Rouvin,Mousdall,rmousdall99@chicagotribune.com,Male,48.160.30.31
335,Glynnis,Knowlman,gknowlman9a@gravatar.com,Female,164.238.105.83
336,Karel,Todarello,ktodarello9b@gravatar.com,Male,141.56.1.174
337,Vin,Godlee,vgodlee9c@prlog.org,Female,195.161.3.75
338,Bethina,Gerriet,bgerriet9d@weather.com,Female,34.148.251.116
339,Ruprecht,Jzhakov,rjzhakov9e@123-reg.co.uk,Male,207.147.59.213
340,Richie,Hens,rhens9f@1688.com,Male,59.251.218.176
341,Amalee,Euston,aeuston9g@plala.or.jp,Female,235.82.166.155
342,Tiebold,Summersett,tsummersett9h@themeforest.net,Male,101.17.28.176
343,Poppy,Gieves,pgieves9i@fema.gov,Female,102.0.147.85
344,Juan,Sandbatch,jsandbatch9j@mediafire.com,Male,207.241.120.146
345,Emogene,Trustey,etrustey9k@sfgate.com,Female,227.19.225.31
346,Allys,Hedau,ahedau9l@adobe.com,Genderfluid,111.243.183.40
347,Julie,Baleine,jbaleine9m@ezinearticles.com,Female,224.136.195.98
348,Chris,Bygate,cbygate9n@netlog.com,Male,44.218.109.72
349,Ketti,Haug,khaug9o@engadget.com,Female,174.176.71.90
350,Noble,Stonhouse,nstonhouse9p@theatlantic.com,Male,254.151.136.38
351,Cal,Tamblyn,ctamblyn9q@sun.com,Female,220.175.74.216
352,Maddi,Sennett,msennett9r@ustream.tv,Female,142.223.3.18
353,Aurora,Royall,aroyall9s@people.com.cn,Female,119.232.253.59
354,Ole,Rothery,orothery9t@weebly.com,Male,215.65.85.31
355,Heall,Ellick,hellick9u@reddit.com,Male,78.155.75.111
356,Humfried,Dallywater,hdallywater9v@themeforest.net,Genderfluid,210.225.56.221
357,Winston,Wilmore,wwilmore9w@twitpic.com,Male,27.115.155.114
358,Lin,Wapples,lwapples9x@mlb.com,Male,45.173.68.15
359,Pate,Drescher,pdrescher9y@nytimes.com,Male,119.237.180.167
360,Leigh,Cowdry,lcowdry9z@webeden.co.uk,Male,181.130.229.167
361,Joseph,Bouskill,jbouskilla0@harvard.edu,Male,231.200.20.111
362,Brendan,Fouracre,bfouracrea1@aol.com,Male,133.129.2.122
363,Rosie,Hurst,rhursta2@xinhuanet.com,Female,188.163.31.3
364,Estrella,Bonifant,ebonifanta3@nbcnews.com,Polygender,155.159.32.251
365,Charity,Ecob,cecoba4@tinyurl.com,Female,55.237.92.70
366,Cary,Lotte,clottea5@kickstarter.com,Female,153.138.12.178
367,Norby,Eytel,neytela6@alexa.com,Male,141.59.54.51
368,Blondelle,Bennough,bbennougha7@mozilla.com,Female,130.23.171.26
369,Tiffany,McDonogh,tmcdonogha8@ibm.com,Female,189.66.211.41
370,Evey,Giffkins,egiffkinsa9@smugmug.com,Female,221.179.100.242
371,Josee,Rawstron,jrawstronaa@apple.com,Female,136.126.14.55
372,Bartholomeus,Iliff,biliffab@jiathis.com,Male,234.181.210.94
373,Ash,Lithgow,alithgowac@mapy.cz,Male,39.103.107.159
374,Hilliard,Valentinetti,hvalentinettiad@ebay.co.uk,Male,228.72.111.11
375,Ernesto,Garlette,egarletteae@latimes.com,Male,143.8.146.165
376,Merwyn,Figiovanni,mfigiovanniaf@utexas.edu,Male,245.222.230.224
377,Gerhardine,Serraillier,gserraillierag@comsenz.com,Female,231.171.131.222
378,Krispin,Zamora,kzamoraah@apple.com,Male,162.104.72.93
379,Jaymie,Beeden,jbeedenai@tripadvisor.com,Male,0.19.124.250
380,Yancy,Lapwood,ylapwoodaj@networkadvertising.org,Male,246.148.118.143
381,Shannen,Smoth,ssmothak@ihg.com,Female,196.243.90.7
382,Edith,Jaime,ejaimeal@oaic.gov.au,Female,44.201.118.207
383,Darcee,Rymmer,drymmeram@weibo.com,Female,154.13.94.39
384,Jsandye,Snedden,jsneddenan@elegantthemes.com,Non-binary,59.179.158.64
385,Lisette,Challener,lchallenerao@ucsd.edu,Female,135.69.124.142
386,Jermain,Heam,jheamap@elegantthemes.com,Male,22.118.14.193
387,Jory,Gillimgham,jgillimghamaq@dyndns.org,Male,186.25.29.244
388,Sammy,Heyfield,sheyfieldar@tumblr.com,Female,99.156.16.242
389,Scottie,Brennans,sbrennansas@simplemachines.org,Male,219.16.17.213
390,Fowler,Stangroom,fstangroomat@wp.com,Male,36.127.41.98
391,Wally,Rapo,wrapoau@shutterfly.com,Female,47.12.173.142
392,Cecile,Lindman,clindmanav@wikia.com,Female,23.95.236.64
393,Stephi,Thursfield,sthursfieldaw@ft.com,Non-binary,101.226.88.118
394,Linoel,Lark,llarkax@walmart.com,Male,35.122.199.188
395,Chas,Hearmon,chearmonay@last.fm,Male,170.221.100.139
396,Jojo,Moughtin,jmoughtinaz@arizona.edu,Female,39.184.130.87
397,Christalle,Michie,cmichieb0@berkeley.edu,Female,65.229.154.248
398,Florette,Lafuente,flafuenteb1@pinterest.com,Female,64.213.96.241
399,Susy,Fridd,sfriddb2@indiegogo.com,Female,221.15.50.79
400,Nadine,Hardan,nhardanb3@stumbleupon.com,Female,206.165.146.143
401,Stevy,Messier,smessierb4@geocities.com,Male,40.88.214.10
402,Marje,Alten,maltenb5@webs.com,Female,232.105.39.82
403,Keriann,Grassot,kgrassotb6@com.com,Female,66.210.232.26
404,Ricoriki,Davidovicz,rdavidoviczb7@xing.com,Male,217.33.182.27
405,Niels,Yarn,nyarnb8@netlog.com,Male,235.112.230.238
406,Jemmie,Warhurst,jwarhurstb9@skype.com,Female,198.54.170.172
407,Joshua,Douglass,jdouglassba@w3.org,Non-binary,241.186.73.7
408,Teresina,Small,tsmallbb@reverbnation.com,Female,193.24.138.36
409,Hettie,Rosenberger,hrosenbergerbc@homestead.com,Female,110.250.64.148
410,Roseanna,Nutter,rnutterbd@seattletimes.com,Female,132.186.190.198
411,Micky,Dagger,mdaggerbe@stumbleupon.com,Genderfluid,51.112.124.136
412,Stanleigh,Jesty,sjestybf@quantcast.com,Male,72.114.96.91
413,Uriel,Cullingford,ucullingfordbg@ebay.com,Male,196.178.93.160
414,Meyer,Greenman,mgreenmanbh@ibm.com,Male,169.104.88.210
415,Udall,Ewbanks,uewbanksbi@samsung.com,Male,129.83.54.100
416,Lida,Queyos,lqueyosbj@hibu.com,Female,243.241.169.66
417,Nedda,Gostling,ngostlingbk@newsvine.com,Female,102.14.71.29
418,Marie,McGrotty,mmcgrottybl@wikimedia.org,Female,242.225.79.72
419,Tremayne,Joiris,tjoirisbm@e-recht24.de,Male,199.232.90.102
420,Lynnea,Barringer,lbarringerbn@stumbleupon.com,Female,102.24.134.210
421,Patricia,Goalby,pgoalbybo@howstuffworks.com,Female,56.34.182.156
422,Sasha,Hemmingway,shemmingwaybp@wikimedia.org,Male,108.14.71.144
423,Priscilla,Pretswell,ppretswellbq@miibeian.gov.cn,Female,11.24.132.124
424,Phil,Keogh,pkeoghbr@sciencedaily.com,Male,39.63.234.44
425,Darin,Gloves,dglovesbs@bbb.org,Male,247.70.95.167
426,Felix,Glasbey,fglasbeybt@diigo.com,Male,175.249.192.11
427,Nero,Albro,nalbrobu@bluehost.com,Male,231.126.139.212
428,Arabella,Critcher,acritcherbv@hhs.gov,Female,196.120.215.195
429,Moyna,Tinsey,mtinseybw@csmonitor.com,Female,33.187.112.109
430,Darrick,Bischoff,dbischoffbx@cbslocal.com,Male,180.199.81.3
431,Nanny,Hankard,nhankardby@chron.com,Female,71.199.94.208
432,Nikolai,Tregenna,ntregennabz@google.pl,Male,120.42.116.238
433,Sadye,Twomey,stwomeyc0@blogger.com,Female,118.194.3.121
434,Cybil,Wardhaw,cwardhawc1@goo.gl,Female,2.171.4.61
435,Devinne,Brickwood,dbrickwoodc2@gnu.org,Female,45.31.188.100
436,Quinn,Lebreton,qlebretonc3@oracle.com,Female,48.31.239.164
437,Kiersten,Tomich,ktomichc4@economist.com,Female,78.30.138.141
438,Winnie,Dawidowicz,wdawidowiczc5@washingtonpost.com,Male,62.140.64.141
439,Serge,Sewart,ssewartc6@ftc.gov,Male,125.120.186.145
440,Addi,Enticott,aenticottc7@xing.com,Female,244.100.206.235
441,Velma,Wanne,vwannec8@list-manage.com,Female,133.172.231.95
442,Normie,Rainey,nraineyc9@xinhuanet.com,Non-binary,172.147.206.143
443,Morey,Delamere,mdelamereca@miitbeian.gov.cn,Male,45.238.133.220
444,Mattheus,Faircliffe,mfaircliffecb@google.com.hk,Polygender,50.170.53.169
445,Dody,Duckers,dduckerscc@geocities.jp,Female,161.93.115.1
446,Rennie,Nower,rnowercd@merriam-webster.com,Female,3.211.144.32
447,Sauncho,Jovasevic,sjovasevicce@yellowbook.com,Male,152.249.168.132
448,Edgardo,Ely,eelycf@illinois.edu,Male,235.39.201.51
449,Darin,Jouning,djouningcg@tiny.cc,Male,73.245.73.248
450,Isabeau,Faunch,ifaunchch@google.ru,Female,153.93.161.140
451,Leonerd,Wildsmith,lwildsmithci@marriott.com,Male,30.228.225.219
452,Rowland,Goede,rgoedecj@census.gov,Male,164.88.155.28
453,Myrah,Joysey,mjoyseyck@creativecommons.org,Female,226.34.236.80
454,Petey,Nussey,pnusseycl@seattletimes.com,Male,2.41.86.223
455,Lombard,Ackeroyd,lackeroydcm@sohu.com,Male,152.249.210.9
456,Myrtle,Perkins,mperkinscn@pcworld.com,Female,78.242.22.194
457,Arda,Byram,abyramco@statcounter.com,Female,228.68.44.152
458,Arty,De Zamudio,adezamudiocp@cargocollective.com,Male,74.1.48.155
459,Laurianne,Paddock,lpaddockcq@nbcnews.com,Female,85.204.100.183
460,Elyn,Aps,eapscr@seesaa.net,Female,26.30.230.5
461,Porter,Howles,phowlescs@godaddy.com,Male,90.172.41.119
462,Bendick,Hebble,bhebblect@springer.com,Male,89.251.187.71
463,Georgie,Reeveley,greeveleycu@mit.edu,Genderqueer,40.12.93.114
464,Page,Duckworth,pduckworthcv@gizmodo.com,Female,106.36.156.65
465,Georgeanna,Stothard,gstothardcw@businessweek.com,Female,180.59.88.127
466,Ingeberg,Kinnach,ikinnachcx@ftc.gov,Female,159.224.77.175
467,Colline,Raffin,craffincy@bravesites.com,Female,135.31.148.46
468,Barn,Ciobotaro,bciobotarocz@bbc.co.uk,Male,93.232.53.56
469,Marylinda,Flux,mfluxd0@deviantart.com,Female,124.247.213.6
470,Selma,Beatson,sbeatsond1@ebay.co.uk,Female,80.127.5.198
471,Shepherd,O'Loughane,soloughaned2@cpanel.net,Male,104.206.144.13
472,Maritsa,Baszkiewicz,mbaszkiewiczd3@posterous.com,Female,42.253.4.172
473,Josias,Tixier,jtixierd4@surveymonkey.com,Bigender,106.211.157.20
474,Pail,Stallen,pstallend5@addthis.com,Male,14.68.195.217
475,Chelsie,McLaren,cmclarend6@columbia.edu,Female,33.22.16.48
476,Creigh,Easbie,ceasbied7@bluehost.com,Male,5.90.67.252
477,Jervis,Justham,jjusthamd8@irs.gov,Genderqueer,237.63.173.93
478,Marley,Cruwys,mcruwysd9@cisco.com,Female,77.243.75.183
479,Henri,Bultitude,hbultitudeda@loc.gov,Male,5.239.139.121
480,Marcelle,Chetwynd,mchetwynddb@wisc.edu,Female,213.58.76.83
481,Lock,Alphege,lalphegedc@apache.org,Male,176.70.43.133
482,Stefanie,Eykelbosch,seykelboschdd@vinaora.com,Female,122.105.3.215
483,Bamby,Hoxey,bhoxeyde@who.int,Female,156.185.243.101
484,Jo ann,Gueste,jguestedf@gnu.org,Female,82.162.218.179
485,Shanan,Vedmore,svedmoredg@imdb.com,Male,100.155.250.90
486,Dell,Gonsalvo,dgonsalvodh@mediafire.com,Female,133.98.155.42
487,Lydie,Leander,lleanderdi@twitter.com,Female,103.37.2.188
488,Doe,Neale,dnealedj@cmu.edu,Female,52.51.149.214
489,Rafferty,McAndie,rmcandiedk@cornell.edu,Male,166.191.48.110
490,Rachael,Jarad,rjaraddl@alibaba.com,Female,33.2.10.61
491,Noami,Jarred,njarreddm@topsy.com,Female,41.174.148.190
492,Laney,Walhedd,lwalhedddn@skyrock.com,Female,30.41.131.48
493,Annamarie,Gegg,ageggdo@mashable.com,Female,153.53.152.95
494,Olin,Henrych,ohenrychdp@ucsd.edu,Genderfluid,87.184.41.41
495,Hervey,McAvey,hmcaveydq@apple.com,Male,78.13.32.217
496,Iseabal,Baunton,ibauntondr@omniture.com,Agender,198.56.162.166
497,Gayla,Rourke,grourkeds@etsy.com,Female,11.30.71.17
498,Scarlett,Lundbeck,slundbeckdt@ucoz.ru,Female,255.172.40.113
499,Jory,Ellsworthe,jellsworthedu@yahoo.com,Male,68.129.2.180
500,Sondra,Aggis,saggisdv@wordpress.com,Female,144.1.160.229
501,Jemmie,Penn,jpenndw@ucoz.com,Female,56.250.167.106
502,Burk,Sprouls,bsproulsdx@altervista.org,Male,217.180.173.176
503,Pearce,Perrottet,pperrottetdy@yellowpages.com,Male,218.47.130.208
504,Olvan,Eckersley,oeckersleydz@wp.com,Bigender,14.197.130.198
505,Carmela,Goodley,cgoodleye0@npr.org,Female,155.77.46.45
506,Kittie,Frankiss,kfrankisse1@noaa.gov,Female,162.12.198.38
507,Olwen,Chastand,ochastande2@weibo.com,Female,126.69.63.15
508,Porter,Sloper,pslopere3@yahoo.co.jp,Male,174.18.66.77
509,Nicolina,Pieters,npieterse4@hhs.gov,Female,253.213.42.191
510,Nevile,Frankiss,nfrankisse5@surveymonkey.com,Male,28.8.15.4
511,Ulberto,MacKeig,umackeige6@china.com.cn,Non-binary,89.195.30.147
512,Domeniga,Butcher,dbutchere7@lulu.com,Female,159.186.189.237
513,Dani,Mitchiner,dmitchinere8@google.nl,Female,234.137.57.46
514,Catharina,Sutterfield,csutterfielde9@mediafire.com,Female,146.198.47.79
515,Tobie,Dineges,tdinegesea@tinypic.com,Male,130.120.7.224
516,Seka,Edmondson,sedmondsoneb@spotify.com,Female,76.92.240.14
517,Barbey,Snow,bsnowec@unesco.org,Female,183.26.244.203
518,Valaree,Cobain,vcobained@usda.gov,Female,6.56.164.18
519,Bradley,Luty,blutyee@goo.gl,Male,172.234.91.15
520,Evelyn,Dunkirk,edunkirkef@yelp.com,Female,40.121.72.216
521,Blaine,Shakle,bshakleeg@theguardian.com,Male,55.47.249.247
522,Had,Agate,hagateeh@washington.edu,Male,103.108.250.203
523,Jolie,Reilly,jreillyei@google.com.hk,Female,232.18.166.154
524,Georas,Lynas,glynasej@hao123.com,Male,1.12.143.82
525,Peg,Rothon,prothonek@usda.gov,Female,14.7.179.143
526,Willy,Van der Mark,wvandermarkel@latimes.com,Female,128.77.138.211
527,Fernando,Josse,fjosseem@bloglovin.com,Male,85.101.158.59
528,Brand,Syder,bsyderen@mozilla.com,Male,8.3.47.112
529,Farica,Barson,fbarsoneo@g.co,Female,85.212.212.200
530,Edita,Beverstock,ebeverstockep@ihg.com,Female,208.115.34.252
531,Idaline,Smalman,ismalmaneq@bing.com,Female,135.213.208.159
532,Stephie,Sinisbury,ssinisburyer@exblog.jp,Female,33.169.71.20
533,Desiri,Hunsworth,dhunsworthes@yale.edu,Female,34.20.62.70
534,Kaine,Brill,kbrillet@ca.gov,Male,83.65.119.61
535,Michell,Swannie,mswannieeu@wunderground.com,Female,234.253.13.37
536,Emmit,Gibbard,egibbardev@paypal.com,Male,177.168.159.157
537,Nell,Casol,ncasolew@unblog.fr,Female,74.57.154.227
538,Felizio,Minear,fminearex@goo.ne.jp,Male,201.181.163.132
539,Bucky,Rought,broughtey@statcounter.com,Male,37.207.221.205
540,Erena,Creswell,ecreswellez@ovh.net,Female,53.248.106.31
541,Scarlett,Hansill,shansillf0@mediafire.com,Female,143.104.68.63
542,Milli,Beecroft,mbeecroftf1@bbb.org,Female,178.97.20.141
543,Manon,Greensted,mgreenstedf2@toplist.cz,Female,207.59.201.229
544,Correy,Yendle,cyendlef3@webs.com,Genderqueer,110.183.245.190
545,Harriott,Rosenauer,hrosenauerf4@over-blog.com,Female,103.11.94.254
546,Marieann,Colkett,mcolkettf5@wikispaces.com,Female,199.7.152.20
547,Dmitri,Ledley,dledleyf6@opera.com,Male,52.117.82.225
548,Horatio,Langeren,hlangerenf7@webeden.co.uk,Male,63.244.208.151
549,Odie,Snoday,osnodayf8@biglobe.ne.jp,Male,185.181.59.120
550,Lemmie,McCourt,lmccourtf9@360.cn,Bigender,113.183.239.225
551,Chicky,Tesche,cteschefa@wordpress.org,Male,36.233.220.238
552,Sawyere,Piwall,spiwallfb@posterous.com,Male,141.61.132.249
553,Meredith,Ericsson,mericssonfc@google.com.hk,Male,132.46.57.165
554,Jere,Misken,jmiskenfd@walmart.com,Male,73.39.140.39
555,Jammal,Appleton,jappletonfe@cnet.com,Male,90.194.59.213
556,Kyla,Stidworthy,kstidworthyff@1und1.de,Female,213.5.85.139
557,Trstram,Sanney,tsanneyfg@indiatimes.com,Male,141.35.49.57
558,Greggory,Pues,gpuesfh@thetimes.co.uk,Male,217.149.187.0
559,Rosalynd,Eakens,reakensfi@slideshare.net,Female,19.146.66.220
560,Gayler,Threadgold,gthreadgoldfj@nhs.uk,Male,1.6.148.249
561,Sinclair,Thieme,sthiemefk@booking.com,Non-binary,89.232.55.177
562,Susanna,Gilbride,sgilbridefl@springer.com,Female,228.172.95.197
563,Wendel,Bagge,wbaggefm@ezinearticles.com,Male,67.71.62.188
564,Christos,Grafton,cgraftonfn@weather.com,Male,117.158.158.97
565,Joice,Aleksahkin,jaleksahkinfo@desdev.cn,Female,88.234.99.186
566,Alexis,Alliker,aallikerfp@alexa.com,Male,156.194.180.51
567,Clyde,Praundlin,cpraundlinfq@nature.com,Male,197.246.170.196
568,Biron,Smeall,bsmeallfr@ow.ly,Genderfluid,216.25.105.148
569,Pansie,Passman,ppassmanfs@nih.gov,Female,122.157.111.183
570,Christi,Ivannikov,civannikovft@mozilla.com,Female,168.193.15.9
571,Mel,Chastanet,mchastanetfu@hao123.com,Male,199.49.94.64
572,Rasia,Leving,rlevingfv@edublogs.org,Female,85.220.54.78
573,Curran,Soans,csoansfw@mapy.cz,Male,238.13.158.163
574,Starr,Abels,sabelsfx@wisc.edu,Female,125.19.117.253
575,Burr,Hoxey,bhoxeyfy@google.ca,Male,252.9.200.116
576,Jenica,Ellacott,jellacottfz@hhs.gov,Female,209.230.135.63
577,Aurelea,Greaser,agreaserg0@wiley.com,Female,233.217.123.85
578,Rad,Bollini,rbollinig1@toplist.cz,Male,78.102.43.147
579,Chucho,Grassot,cgrassotg2@etsy.com,Male,49.185.108.226
580,Elvis,Pollington,epollingtong3@unesco.org,Male,215.17.87.152
581,Franklin,Suart,fsuartg4@arstechnica.com,Male,169.253.242.105
582,Jorgan,Genner,jgennerg5@fotki.com,Male,92.131.170.212
583,Darius,Berford,dberfordg6@google.com.hk,Male,172.196.10.28
584,Bel,Hickinbottom,bhickinbottomg7@google.es,Female,55.79.209.180
585,Bryan,Pasby,bpasbyg8@oracle.com,Male,160.73.145.164
586,Brent,Snoddy,bsnoddyg9@mail.ru,Genderfluid,250.71.147.188
587,Hamish,Lutsch,hlutschga@ox.ac.uk,Male,230.132.202.121
588,Igor,Hazell,ihazellgb@uiuc.edu,Male,182.214.77.100
589,Demetrius,Pietasch,dpietaschgc@indiatimes.com,Male,211.195.118.172
590,Shelby,Pendrick,spendrickgd@independent.co.uk,Male,10.218.69.237
591,Elvin,Daymont,edaymontge@facebook.com,Male,50.178.50.9
592,Giacopo,Cliffe,gcliffegf@businesswire.com,Genderqueer,104.101.22.121
593,Olva,Memory,omemorygg@seesaa.net,Female,221.55.115.158
594,Saul,Paskerful,spaskerfulgh@economist.com,Male,98.123.136.158
595,Alena,Moff,amoffgi@51.la,Female,149.130.51.162
596,Timmie,Joye,tjoyegj@4shared.com,Male,161.107.201.134
597,Janna,Dolder,jdoldergk@webmd.com,Agender,96.203.100.137
598,Quincey,Kitchinham,qkitchinhamgl@google.ca,Male,124.192.107.214
599,Cornelius,Penrith,cpenrithgm@yellowpages.com,Male,146.127.111.186
600,Blinny,Gegay,bgegaygn@geocities.jp,Female,103.58.153.40
601,Dani,Althorp,dalthorpgo@liveinternet.ru,Female,162.105.209.97
602,Wit,Makiver,wmakivergp@squidoo.com,Male,87.175.232.159
603,Audrye,Dobrowlski,adobrowlskigq@google.nl,Female,125.110.127.100
604,Wilbur,Chimes,wchimesgr@amazonaws.com,Male,137.208.243.149
605,Corella,McCorkell,cmccorkellgs@google.com.br,Non-binary,12.176.86.114
606,Donetta,Guilloux,dguillouxgt@psu.edu,Female,198.112.205.203
607,Mylo,Kenworthy,mkenworthygu@hp.com,Male,161.154.170.120
608,Huberto,Have,hhavegv@yolasite.com,Male,82.238.27.34
609,Armin,Beeton,abeetongw@state.gov,Male,56.84.142.160
610,Lalo,Broderick,lbroderickgx@wix.com,Male,95.172.125.11
611,Dev,Capsey,dcapseygy@icq.com,Male,246.78.153.232
612,Ange,Bottleson,abottlesongz@eventbrite.com,Female,179.116.14.242
613,Christyna,Anyene,canyeneh0@dagondesign.com,Female,49.195.223.102
614,Christy,Mealand,cmealandh1@google.com.br,Male,69.230.1.119
615,Melvin,Kenen,mkenenh2@nymag.com,Male,100.18.97.58
616,Andrey,Jeandet,ajeandeth3@blogtalkradio.com,Male,42.91.249.136
617,Danya,Konert,dkonerth4@army.mil,Male,183.15.188.248
618,Henka,Mapson,hmapsonh5@nba.com,Female,46.106.119.10
619,Lukas,Sehorsch,lsehorschh6@taobao.com,Male,115.74.218.133
620,Doroteya,Goad,dgoadh7@domainmarket.com,Female,73.155.97.21
621,Darryl,Walmsley,dwalmsleyh8@t.co,Female,2.186.86.107
622,Feodor,Thumnel,fthumnelh9@goodreads.com,Male,19.151.248.98
623,Sherry,Smyley,ssmyleyha@bloglines.com,Female,183.168.10.230
624,Stephanus,Parslow,sparslowhb@free.fr,Male,39.103.178.19
625,Alexine,Lacelett,alaceletthc@blinklist.com,Bigender,91.64.106.6
626,Otha,Dudley,odudleyhd@earthlink.net,Female,116.57.194.65
627,Fidel,Causton,fcaustonhe@miibeian.gov.cn,Male,214.48.112.185
628,Bette,Pinckney,bpinckneyhf@behance.net,Female,255.61.131.47
629,Lorine,Marden,lmardenhg@taobao.com,Female,251.226.248.15
630,Kelvin,Skydall,kskydallhh@feedburner.com,Male,226.28.0.233
631,Clarabelle,Phizakarley,cphizakarleyhi@cnet.com,Female,202.115.126.1
632,Cindi,Klimentyev,cklimentyevhj@vk.com,Female,203.35.15.77
633,Merrel,Allam,mallamhk@usnews.com,Male,20.174.216.241
634,Tomasine,Gilbey,tgilbeyhl@timesonline.co.uk,Female,208.225.77.112
635,Onofredo,Reckus,oreckushm@i2i.jp,Male,159.67.211.0
636,Timothea,Rizzini,trizzinihn@lycos.com,Female,181.240.90.40
637,Garrard,Boorer,gboorerho@businessinsider.com,Male,129.169.174.113
638,Sayres,Krammer,skrammerhp@squarespace.com,Male,171.41.179.79
639,Charlean,Hollindale,chollindalehq@wordpress.com,Female,60.53.188.206
640,Leann,Kemp,lkemphr@google.de,Female,22.220.181.70
641,Nicholas,Boarder,nboarderhs@1und1.de,Male,12.174.241.218
642,Dotti,Masterman,dmastermanht@latimes.com,Genderfluid,47.236.197.223
643,Dominga,Jankiewicz,djankiewiczhu@auda.org.au,Female,219.132.154.86
644,Constance,Ramet,cramethv@earthlink.net,Female,156.235.228.113
645,Giraldo,Borchardt,gborchardthw@engadget.com,Male,10.226.113.195
646,Rowney,Dossetter,rdossetterhx@amazonaws.com,Male,246.193.76.196
647,Weston,Oxbury,woxburyhy@ovh.net,Male,227.237.168.184
648,Steffen,Younge,syoungehz@sbwire.com,Male,136.164.100.246
649,Zabrina,Januszewski,zjanuszewskii0@independent.co.uk,Female,221.130.121.76
650,Emmalynne,Townsley,etownsleyi1@globo.com,Female,75.36.95.59
651,Christiana,Olander,colanderi2@google.co.uk,Female,215.26.13.13
652,Bree,Luc,bluci3@blogger.com,Female,135.192.139.213
653,Olly,Castanone,ocastanonei4@dailymail.co.uk,Female,34.149.197.124
654,Hussein,Down,hdowni5@sphinn.com,Male,180.240.27.29
655,Ewan,McPike,emcpikei6@home.pl,Male,189.108.13.198
656,Sebastian,Fawke,sfawkei7@last.fm,Male,67.21.106.149
657,Caroline,Balchin,cbalchini8@clickbank.net,Agender,228.235.21.121
658,Cori,Titterell,ctitterelli9@google.ca,Female,184.92.211.215
659,Marianne,Grimbaldeston,mgrimbaldestonia@china.com.cn,Female,177.155.76.170
660,Bonnibelle,Wharlton,bwharltonib@ed.gov,Female,232.229.82.242
661,Calla,Ashbrook,cashbrookic@xinhuanet.com,Female,216.141.120.23
662,Maire,Ricarde,mricardeid@over-blog.com,Female,251.123.132.207
663,Cherye,Hubane,chubaneie@naver.com,Female,10.99.66.234
664,Jacklyn,Jermy,jjermyif@nbcnews.com,Female,94.18.23.164
665,Candice,Follacaro,cfollacaroig@walmart.com,Female,66.57.204.122
666,Cati,Hazeldene,chazeldeneih@blogspot.com,Female,3.174.255.27
667,Harper,Seeds,hseedsii@sitemeter.com,Male,129.135.208.45
668,Bobbe,Baudin,bbaudinij@wsj.com,Genderfluid,38.168.64.78
669,Quinn,Normanton,qnormantonik@mlb.com,Female,191.144.178.168
670,Vivia,Tirone,vtironeil@amazon.co.jp,Female,6.189.10.59
671,Crawford,Lightwing,clightwingim@twitpic.com,Male,159.35.155.1
672,Archaimbaud,Belz,abelzin@alibaba.com,Male,105.135.23.5
673,Jody,Danilchenko,jdanilchenkoio@ebay.com,Female,34.110.117.227
674,Annmarie,Fulton,afultonip@dailymail.co.uk,Female,100.46.26.198
675,Harlen,Crosi,hcrosiiq@bizjournals.com,Male,252.145.202.197
676,Stacie,Uebel,suebelir@wired.com,Female,197.48.246.245
677,Sabrina,Rudiger,srudigeris@skype.com,Female,32.179.173.254
678,Carolee,Conybear,cconybearit@dmoz.org,Female,15.78.1.57
679,Marlow,Moodycliffe,mmoodycliffeiu@bbc.co.uk,Male,123.80.69.194
680,Carmita,Galland,cgallandiv@over-blog.com,Female,62.95.70.66
681,Christoper,Vasilik,cvasilikiw@reference.com,Male,154.71.134.36
682,Roth,Small,rsmallix@telegraph.co.uk,Male,238.124.111.54
683,Fielding,Basford,fbasfordiy@gravatar.com,Male,195.146.127.251
684,Emilee,Tremethack,etremethackiz@yellowbook.com,Female,162.84.136.139
685,Cart,Vanderplas,cvanderplasj0@theglobeandmail.com,Genderfluid,156.155.6.77
686,Nance,Saban,nsabanj1@blogtalkradio.com,Female,238.184.90.78
687,Mauricio,Geane,mgeanej2@aol.com,Male,142.169.55.69
688,Calli,Oppy,coppyj3@multiply.com,Female,212.234.214.144
689,Clemente,Lehr,clehrj4@google.com.au,Male,222.231.193.35
690,Jaynell,Sisey,jsiseyj5@liveinternet.ru,Female,57.255.71.48
691,Chip,Arcase,carcasej6@barnesandnoble.com,Male,215.205.111.93
692,Cirstoforo,Tomlett,ctomlettj7@smh.com.au,Male,211.152.227.188
693,Richmond,Nazair,rnazairj8@netscape.com,Male,178.137.150.236
694,Em,Lyfield,elyfieldj9@berkeley.edu,Female,153.3.119.52
695,Basile,Van Der Straaten,bvanderstraatenja@home.pl,Male,169.145.183.13
696,Franzen,McKelvey,fmckelveyjb@ameblo.jp,Male,45.19.192.155
697,Udell,Dally,udallyjc@blog.com,Male,108.1.221.196
698,Herschel,Kobsch,hkobschjd@ca.gov,Male,235.114.147.231
699,Patty,Ibberson,pibbersonje@guardian.co.uk,Genderfluid,62.5.65.193
700,Bogart,Cleobury,bcleoburyjf@smugmug.com,Male,212.108.235.63
701,Hillary,Bagworth,hbagworthjg@creativecommons.org,Male,162.212.165.66
702,Sebastian,Jolley,sjolleyjh@ed.gov,Male,71.15.117.69
703,Armin,Prisley,aprisleyji@cloudflare.com,Male,65.205.161.239
704,Shellie,Stribbling,sstribblingjj@cbsnews.com,Female,221.64.255.192
705,Melisenda,Boch,mbochjk@tmall.com,Female,87.188.105.55
706,Colline,Frascone,cfrasconejl@delicious.com,Female,110.150.34.16
707,Cyndi,Petrol,cpetroljm@wordpress.org,Female,144.110.211.79
708,Anson,Jessep,ajessepjn@mail.ru,Male,155.86.181.208
709,Heindrick,Coath,hcoathjo@google.co.uk,Male,122.97.190.238
710,Wyatt,Martyntsev,wmartyntsevjp@dailymotion.com,Male,235.174.252.108
711,Nichole,Mowbury,nmowburyjq@phpbb.com,Polygender,247.203.123.55
712,Geralda,Bruni,gbrunijr@usda.gov,Female,222.93.102.40
713,Addi,Nerney,anerneyjs@gmpg.org,Female,20.80.230.126
714,Maddy,Shelly,mshellyjt@webmd.com,Male,179.35.87.155
715,Whitney,Robardey,wrobardeyju@barnesandnoble.com,Male,39.130.18.126
716,Garwin,Leyland,gleylandjv@washington.edu,Male,58.192.157.135
717,Pascale,Renehan,prenehanjw@apple.com,Polygender,147.32.218.9
718,Rhys,McGowing,rmcgowingjx@last.fm,Male,5.44.72.88
719,Carmen,Bras,cbrasjy@icio.us,Female,56.243.157.163
720,Brewster,Savary,bsavaryjz@berkeley.edu,Male,21.27.210.3
721,Dorolice,Viegas,dviegask0@delicious.com,Genderfluid,9.197.0.20
722,Pebrook,Tezure,ptezurek1@census.gov,Male,130.148.205.90
723,Kellina,Stocker,kstockerk2@unesco.org,Female,252.162.145.218
724,Charley,Stenbridge,cstenbridgek3@columbia.edu,Male,145.19.166.99
725,Freddie,Tennick,ftennickk4@virginia.edu,Female,60.15.65.162
726,Correna,McDermot,cmcdermotk5@histats.com,Female,218.249.31.130
727,Lira,Hessel,lhesselk6@boston.com,Female,38.164.13.130
728,Rupert,Smithson,rsmithsonk7@mit.edu,Male,30.19.234.227
729,Eldridge,Joblin,ejoblink8@arizona.edu,Agender,35.24.124.177
730,Daile,Toulamain,dtoulamaink9@craigslist.org,Female,6.202.33.58
731,Avictor,Lippo,alippoka@opera.com,Male,187.137.107.145
732,Marje,Willden,mwilldenkb@washington.edu,Female,46.242.160.154
733,Lenka,Adlem,ladlemkc@yahoo.com,Genderqueer,239.72.169.116
734,Aubrette,Moule,amoulekd@icio.us,Female,83.239.74.196
735,Vernen,Aps,vapske@bloomberg.com,Male,231.123.173.35
736,Julianne,McNeillie,jmcneilliekf@ebay.co.uk,Female,137.73.157.67
737,Dan,Deluca,ddelucakg@vkontakte.ru,Agender,250.201.51.242
738,Tally,Bravington,tbravingtonkh@clickbank.net,Genderfluid,224.177.94.122
739,Loraine,Cresser,lcresserki@sbwire.com,Female,159.25.32.122
740,Clayson,Haxbie,chaxbiekj@sourceforge.net,Male,39.166.230.113
741,Mycah,Jerram,mjerramkk@meetup.com,Genderfluid,91.31.39.45
742,Aila,Wasielewski,awasielewskikl@e-recht24.de,Female,169.216.208.37
743,Kaiser,Scad,kscadkm@marketwatch.com,Male,237.18.197.161
744,Teddi,Donner,tdonnerkn@skype.com,Female,208.213.164.169
745,Sumner,Mamwell,smamwellko@google.ru,Male,178.36.178.60
746,Gareth,Hinge,ghingekp@addthis.com,Male,226.197.0.140
747,Dulcea,Meagh,dmeaghkq@live.com,Female,5.111.200.136
748,Dewain,Hooban,dhoobankr@census.gov,Male,189.22.25.235
749,Sigismond,Clougher,sclougherks@constantcontact.com,Male,16.18.230.72
750,Cart,Comino,ccominokt@china.com.cn,Male,71.210.148.63
751,Hale,Zisneros,hzisnerosku@tmall.com,Male,57.191.233.11
752,Lynnette,Blockley,lblockleykv@opera.com,Female,231.150.44.172
753,Aldric,Buckler,abucklerkw@umn.edu,Male,138.255.5.20
754,Kelsey,Cockell,kcockellkx@artisteer.com,Male,244.231.47.96
755,Dominga,Habergham,dhaberghamky@techcrunch.com,Female,183.159.64.130
756,Langston,Summerley,lsummerleykz@shop-pro.jp,Male,0.34.36.10
757,Robin,Jefferies,rjefferiesl0@de.vu,Male,243.95.88.231
758,Trish,Ritelli,tritellil1@topsy.com,Female,62.240.71.3
759,Glenine,Readhead,greadheadl2@typepad.com,Female,230.103.43.25
760,Durward,Petri,dpetril3@wordpress.org,Male,196.168.33.114
761,Leanna,Forton,lfortonl4@stanford.edu,Female,245.40.116.101
762,Adan,Whalley,awhalleyl5@columbia.edu,Male,191.178.104.193
763,Griselda,Petegree,gpetegreel6@nydailynews.com,Female,215.104.127.165
764,Nicolis,Jansik,njansikl7@nymag.com,Male,34.28.147.237
765,Niles,Blazhevich,nblazhevichl8@lycos.com,Male,20.98.126.153
766,Read,Letford,rletfordl9@twitpic.com,Male,28.202.31.116
767,Douglass,Pund,dpundla@google.pl,Male,216.79.59.92
768,Borden,Bransom,bbransomlb@washington.edu,Male,207.202.102.179
769,Tobiah,Deering,tdeeringlc@wikispaces.com,Male,78.3.102.110
770,Karin,Wasteney,kwasteneyld@biglobe.ne.jp,Female,45.33.206.97
771,Gifford,Gonzalez,ggonzalezle@elegantthemes.com,Male,141.91.0.162
772,Silva,Readshaw,sreadshawlf@foxnews.com,Female,129.16.78.241
773,Massimiliano,Scholling,mschollinglg@ft.com,Male,131.75.172.32
774,Nessi,Quinsee,nquinseelh@drupal.org,Female,55.94.237.125
775,Dacey,Abramow,dabramowli@fc2.com,Female,87.35.112.235
776,Wilek,Witchalls,wwitchallslj@a8.net,Male,97.85.122.136
777,Aleksandr,Ricarde,aricardelk@intel.com,Male,78.214.59.244
778,Seamus,Hearthfield,shearthfieldll@networksolutions.com,Male,110.137.112.41
779,Jocko,Bleyman,jbleymanlm@theatlantic.com,Non-binary,181.126.191.7
780,Christine,McLise,cmcliseln@hubpages.com,Female,192.177.92.186
781,Basil,Deary,bdearylo@mapy.cz,Male,235.131.78.71
782,Marcelline,Colaton,mcolatonlp@ted.com,Female,150.248.62.139
783,Norman,Kindle,nkindlelq@lulu.com,Male,142.220.180.154
784,Willyt,Cleyne,wcleynelr@sohu.com,Female,143.6.5.159
785,Sarina,Neilson,sneilsonls@blogtalkradio.com,Female,3.218.152.51
786,Lynna,Burburough,lburburoughlt@a8.net,Female,161.124.186.228
787,Danyette,Benit,dbenitlu@moonfruit.com,Female,151.127.170.184
788,Fabien,Giamuzzo,fgiamuzzolv@w3.org,Male,137.41.171.40
789,Nicoline,Hallgarth,nhallgarthlw@shinystat.com,Female,99.143.58.5
790,Perl,Convery,pconverylx@pbs.org,Female,213.34.125.202
791,Bryon,Denekamp,bdenekamply@soundcloud.com,Male,131.220.49.161
792,Dalt,Wager,dwagerlz@over-blog.com,Male,203.55.20.226
793,Elsi,Van der Kruys,evanderkruysm0@over-blog.com,Female,4.25.214.101
794,Ambrosius,Downs,adownsm1@bigcartel.com,Male,231.66.103.182
795,Elbert,Rushbury,erushburym2@wired.com,Male,35.154.172.150
796,Page,Spurden,pspurdenm3@un.org,Male,212.47.144.79
797,Fonzie,Maypes,fmaypesm4@google.co.jp,Male,45.153.195.3
798,Roberto,Mellish,rmellishm5@hexun.com,Male,154.130.7.220
799,Desirae,Maciocia,dmaciociam6@usatoday.com,Female,39.36.173.127
800,Demetre,Yannoni,dyannonim7@barnesandnoble.com,Male,255.124.81.60
801,Babbie,Duesberry,bduesberrym8@va.gov,Female,135.8.254.136
802,Burlie,Triner,btrinerm9@amazon.com,Male,225.42.34.50
803,Elenore,McRae,emcraema@nba.com,Female,150.234.28.207
804,Yancy,Itzcovichch,yitzcovichchmb@salon.com,Male,195.206.213.95
805,Evan,Rowson,erowsonmc@canalblog.com,Male,143.60.111.212
806,Pete,Questier,pquestiermd@hao123.com,Male,148.36.244.72
807,Alic,Creak,acreakme@redcross.org,Male,105.75.240.15
808,Carlin,Veldens,cveldensmf@fema.gov,Male,20.62.25.160
809,Mommy,Hebblewhite,mhebblewhitemg@multiply.com,Female,78.175.96.144
810,Jack,Briance,jbriancemh@weather.com,Male,202.23.212.41
811,Randie,Orriss,rorrissmi@cyberchimps.com,Male,229.194.67.68
812,Dianne,Laxson,dlaxsonmj@imdb.com,Female,214.117.85.109
813,Fin,Joinsey,fjoinseymk@salon.com,Male,88.212.161.231
814,Ade,Dyerson,adyersonml@mayoclinic.com,Male,20.66.91.152
815,Amby,Smallpeace,asmallpeacemm@amazon.co.jp,Male,255.207.17.101
816,Gennifer,Chitty,gchittymn@google.com.br,Female,111.144.229.92
817,Curtis,Cary,ccarymo@ox.ac.uk,Male,48.8.32.51
818,Dominik,Winfindale,dwinfindalemp@usgs.gov,Male,98.135.244.252
819,Arnuad,Morch,amorchmq@forbes.com,Male,34.180.27.190
820,Celinda,Titchard,ctitchardmr@list-manage.com,Genderqueer,60.209.139.87
821,Mackenzie,Link,mlinkms@artisteer.com,Male,149.41.250.27
822,Stephan,Smedley,ssmedleymt@webnode.com,Genderfluid,254.247.68.108
823,Bella,Kilpin,bkilpinmu@sourceforge.net,Female,245.88.233.36
824,Brittan,Parade,bparademv@fastcompany.com,Female,50.242.143.212
825,Randene,Verrell,rverrellmw@baidu.com,Female,76.183.68.52
826,Zachariah,Jirus,zjirusmx@hud.gov,Male,146.248.249.3
827,Hart,Dimitrescu,hdimitrescumy@xrea.com,Male,33.100.197.149
828,Dur,Ballantyne,dballantynemz@time.com,Male,98.211.119.71
829,Thorsten,Treherne,ttrehernen0@ifeng.com,Male,60.206.209.253
830,Elyse,Painter,epaintern1@yolasite.com,Female,45.252.48.92
831,Seamus,Scopham,sscophamn2@patch.com,Male,13.59.74.82
832,Cahra,Kinmond,ckinmondn3@acquirethisname.com,Female,38.128.126.107
833,Wendel,Speechly,wspeechlyn4@google.com.hk,Male,211.137.174.84
834,Free,Paler,fpalern5@businessweek.com,Male,113.174.40.255
835,Scott,Veart,sveartn6@bloglines.com,Male,237.82.117.203
836,Willa,Songhurst,wsonghurstn7@bandcamp.com,Female,44.251.3.20
837,Dun,Oliver-Paull,doliverpaulln8@businesswire.com,Male,65.23.103.6
838,Hamlen,Coleyshaw,hcoleyshawn9@flavors.me,Male,78.135.86.81
839,Halli,Walters,hwaltersna@qq.com,Female,29.167.122.14
840,Jerry,Vedyashkin,jvedyashkinnb@shareasale.com,Female,208.19.207.118
841,Kip,Morrott,kmorrottnc@bloglines.com,Male,80.73.155.183
842,Ilise,Bruniges,ibrunigesnd@ft.com,Female,208.137.58.55
843,Chilton,Dorken,cdorkenne@bigcartel.com,Male,173.186.165.156
844,Sissie,Rein,sreinnf@bloomberg.com,Female,87.211.139.185
845,De witt,Moorcroft,dmoorcroftng@fda.gov,Male,139.191.165.97
846,Gordan,Vedenichev,gvedenichevnh@xinhuanet.com,Male,37.203.133.152
847,Darleen,Siveyer,dsiveyerni@theglobeandmail.com,Female,208.50.101.181
848,Kari,Tomsa,ktomsanj@hubpages.com,Female,237.204.174.71
849,Ruggiero,Meas,rmeasnk@tamu.edu,Male,89.90.154.242
850,Natty,Truckell,ntruckellnl@jimdo.com,Male,153.139.213.203
851,Courtenay,Blazynski,cblazynskinm@goo.ne.jp,Female,57.102.253.225
852,Luciano,Lakenton,llakentonnn@opera.com,Male,12.171.0.134
853,Sauveur,Maris,smarisno@acquirethisname.com,Male,251.12.145.121
854,Blayne,Karppi,bkarppinp@vistaprint.com,Male,229.66.27.148
855,Bruis,Osborne,bosbornenq@hc360.com,Male,50.108.109.164
856,Judye,Duckhouse,jduckhousenr@about.com,Female,49.98.59.57
857,Brigitte,Deackes,bdeackesns@google.com,Female,26.225.216.55
858,Mattias,Struijs,mstruijsnt@tripod.com,Male,189.150.198.187
859,Lavinia,Pickup,lpickupnu@psu.edu,Female,247.218.154.15
860,Nicol,Clout,ncloutnv@yahoo.co.jp,Male,102.60.69.156
861,Osbert,Alti,oaltinw@privacy.gov.au,Male,209.106.139.29
862,Rafaellle,Rominov,rrominovnx@eventbrite.com,Male,12.54.84.104
863,Allen,Jakubski,ajakubskiny@ihg.com,Male,126.199.178.27
864,Martha,Varns,mvarnsnz@twitpic.com,Female,176.23.201.146
865,Beatriz,Romaine,bromaineo0@newyorker.com,Female,164.17.146.138
866,Dorothee,Pedler,dpedlero1@admin.ch,Female,130.24.195.251
867,Delmor,Barratt,dbarratto2@youtube.com,Male,225.73.13.243
868,Lyn,Elcoate,lelcoateo3@nyu.edu,Male,33.155.42.119
869,Quintilla,Reyburn,qreyburno4@va.gov,Female,190.15.250.101
870,Mel,Boshard,mboshardo5@ustream.tv,Female,164.171.164.46
871,Illa,Rulf,irulfo6@tripod.com,Female,161.87.149.223
872,Hertha,de Najera,hdenajerao7@cmu.edu,Female,103.97.63.242
873,Mikey,Markos,mmarkoso8@youku.com,Male,255.238.101.244
874,Lonnie,Crielly,lcriellyo9@symantec.com,Male,59.236.96.28
875,Jacky,Banisch,jbanischoa@ca.gov,Female,193.135.86.107
876,Brendon,Capineer,bcapineerob@goo.ne.jp,Male,57.170.105.56
877,Val,Goodhall,vgoodhalloc@huffingtonpost.com,Bigender,188.248.70.248
878,Kippie,Dimbleby,kdimblebyod@youtu.be,Female,145.30.52.11
879,Frederic,Pailin,fpailinoe@woothemes.com,Male,250.132.56.206
880,Ogdan,Sheehy,osheehyof@rakuten.co.jp,Male,144.152.66.166
881,Dinny,Mosedall,dmosedallog@apple.com,Female,229.100.24.17
882,Vanny,Chesworth,vchesworthoh@exblog.jp,Female,23.47.91.14
883,Aliza,Leaver,aleaveroi@zimbio.com,Female,41.218.173.208
884,Frank,Stoeck,fstoeckoj@vimeo.com,Female,251.243.12.41
885,Durant,Virgoe,dvirgoeok@de.vu,Male,234.206.175.11
886,Orv,Ellard,oellardol@altervista.org,Male,161.222.221.119
887,Robby,Taylorson,rtaylorsonom@msn.com,Agender,196.168.125.107
888,Brion,Sygrove,bsygroveon@skype.com,Male,193.108.196.71
889,Montgomery,Farden,mfardenoo@paginegialle.it,Male,223.120.234.243
890,Douglass,Acland,daclandop@php.net,Male,12.45.236.85
891,Anderea,Dunk,adunkoq@friendfeed.com,Female,153.111.201.98
892,Winnie,Guitel,wguitelor@weather.com,Male,129.117.91.81
893,Nari,Newe,nneweos@mlb.com,Female,70.178.219.88
894,Cliff,Paintain,cpaintainot@latimes.com,Male,127.118.31.180
895,Haydon,Vineall,hvineallou@amazon.de,Male,90.247.73.13
896,Bendite,Bringloe,bbringloeov@amazon.de,Polygender,56.215.47.188
897,Glenna,Rae,graeow@eepurl.com,Female,212.40.25.52
898,Jefferson,MacPike,jmacpikeox@bloglines.com,Male,135.77.62.146
899,Flory,Prendeguest,fprendeguestoy@webnode.com,Male,41.81.163.136
900,Nissie,Leversha,nlevershaoz@youtu.be,Female,150.90.236.153
901,Ramon,Spehr,rspehrp0@chron.com,Male,157.11.39.156
902,Sherwin,Rainsbury,srainsburyp1@engadget.com,Male,180.25.103.131
903,Decca,Glowacha,dglowachap2@samsung.com,Male,47.4.56.217
904,Dane,Tomblings,dtomblingsp3@youtube.com,Polygender,230.222.5.191
905,Chastity,Starsmore,cstarsmorep4@epa.gov,Genderfluid,18.204.31.71
906,Trever,Redington,tredingtonp5@cloudflare.com,Male,41.181.11.239
907,Bayard,Jobbins,bjobbinsp6@dyndns.org,Male,9.11.136.116
908,Barnabas,Cowndley,bcowndleyp7@naver.com,Male,188.103.231.227
909,Tabatha,Hopkyns,thopkynsp8@dagondesign.com,Female,192.236.20.154
910,Katherina,Pinkstone,kpinkstonep9@g.co,Female,34.139.231.73
911,Cacilia,Keller,ckellerpa@mozilla.org,Female,133.149.32.123
912,Becca,Kiddell,bkiddellpb@marketwatch.com,Female,199.92.73.83
913,Gelya,Miners,gminerspc@google.cn,Female,222.15.111.126
914,Ulric,Crimp,ucrimppd@printfriendly.com,Male,51.212.251.214
915,Stan,d' Elboux,sdelbouxpe@geocities.jp,Male,122.127.166.233
916,Suki,Nelissen,snelissenpf@google.co.uk,Female,65.60.232.96
917,Dana,Cicchillo,dcicchillopg@wiley.com,Genderfluid,44.199.90.75
918,Burnard,Shafier,bshafierph@techcrunch.com,Male,128.192.243.150
919,Blanch,Blanning,bblanningpi@about.me,Female,15.216.162.236
920,Cordie,Pescod,cpescodpj@noaa.gov,Female,204.145.234.244
921,Pauletta,Teideman,pteidemanpk@bbb.org,Female,138.154.65.109
922,Myca,Worvill,mworvillpl@economist.com,Male,58.225.125.131
923,Mead,Lutwidge,mlutwidgepm@blogtalkradio.com,Male,61.183.212.193
924,Lona,Crookall,lcrookallpn@va.gov,Female,32.168.86.199
925,Carey,Drains,cdrainspo@mapquest.com,Male,114.205.26.65
926,Darrin,Kacheler,dkachelerpp@sohu.com,Male,186.117.2.63
927,Reagen,Rawll,rrawllpq@multiply.com,Male,21.119.201.135
928,Eduardo,Orritt,eorrittpr@epa.gov,Male,134.73.204.108
929,Giusto,Huet,ghuetps@canalblog.com,Male,216.253.138.68
930,Innis,Kanter,ikanterpt@netlog.com,Male,199.138.212.53
931,Silvester,Kelleher,skelleherpu@umich.edu,Male,110.156.197.83
932,Ardenia,Duxfield,aduxfieldpv@chicagotribune.com,Female,225.118.21.14
933,Allyce,Shakespeare,ashakespearepw@lulu.com,Female,78.0.120.171
934,Bennie,Kelsey,bkelseypx@sogou.com,Male,58.45.126.44
935,Heddie,McIlmorie,hmcilmoriepy@squidoo.com,Female,120.11.234.118
936,Edi,Cracie,ecraciepz@reverbnation.com,Female,93.75.77.128
937,Aldwin,Hostan,ahostanq0@mlb.com,Male,52.12.191.124
938,Esme,Maillard,emaillardq1@over-blog.com,Female,198.128.179.78
939,Arther,Waterstone,awaterstoneq2@wunderground.com,Male,129.27.154.228
940,Claretta,Hesbrook,chesbrookq3@simplemachines.org,Female,144.3.130.70
941,Kendra,Letten,klettenq4@umn.edu,Female,132.42.4.56
942,Davidde,Volk,dvolkq5@vinaora.com,Male,71.72.54.80
943,Phyllys,Duffett,pduffettq6@epa.gov,Female,56.67.188.22
944,Corrie,Wasmer,cwasmerq7@nps.gov,Female,10.169.16.35
945,Adria,MacGaughie,amacgaughieq8@ca.gov,Non-binary,16.128.178.240
946,Kinnie,Thornewell,kthornewellq9@msn.com,Male,136.185.153.138
947,Sherm,Nuttall,snuttallqa@wiley.com,Genderfluid,104.172.211.128
948,Katya,Silverson,ksilversonqb@cpanel.net,Female,34.198.229.55
949,Chevy,Arling,carlingqc@jiathis.com,Male,159.0.245.147
950,Itch,McGhee,imcgheeqd@etsy.com,Male,77.216.248.95
951,Maribel,Seabon,mseabonqe@webnode.com,Female,84.122.183.158
952,Ava,Bromwich,abromwichqf@ehow.com,Female,234.24.71.78
953,Guenevere,Viel,gvielqg@flickr.com,Female,90.250.98.92
954,Lorraine,Trevon,ltrevonqh@twitpic.com,Female,224.219.57.46
955,Nan,Toxell,ntoxellqi@domainmarket.com,Female,14.221.34.164
956,Philipa,Spataro,pspataroqj@netscape.com,Female,206.74.72.60
957,Devondra,Francis,dfrancisqk@hostgator.com,Female,184.102.29.175
958,Marge,Coyle,mcoyleql@hibu.com,Female,190.240.228.79
959,Rog,Taye,rtayeqm@google.es,Male,166.22.180.159
960,Corney,Hoble,chobleqn@howstuffworks.com,Male,234.61.32.67
961,Durand,Hunton,dhuntonqo@weibo.com,Male,219.192.57.71
962,Gavan,Guwer,gguwerqp@de.vu,Male,114.158.219.52
963,Chan,Vanne,cvanneqq@uiuc.edu,Male,128.221.193.4
964,Marcello,Egle,megleqr@cnet.com,Male,54.48.204.43
965,Cynde,Suttell,csuttellqs@is.gd,Female,164.57.50.233
966,Stephenie,Hastwall,shastwallqt@dion.ne.jp,Female,186.14.140.74
967,Roderick,Wimpeney,rwimpeneyqu@merriam-webster.com,Male,213.35.52.3
968,Toiboid,Coules,tcoulesqv@si.edu,Male,244.52.78.122
969,Merrily,Brinkley,mbrinkleyqw@usgs.gov,Female,18.145.250.147
970,Jenelle,Libbis,jlibbisqx@google.it,Female,34.27.18.87
971,Jayme,Karet,jkaretqy@mail.ru,Male,236.154.242.192
972,Kelby,Monery,kmoneryqz@engadget.com,Genderqueer,196.223.7.143
973,Kelly,Hunnawill,khunnawillr0@omniture.com,Female,156.249.36.136
974,Blaine,Bahlmann,bbahlmannr1@timesonline.co.uk,Male,246.21.1.12
975,Joane,Puddefoot,jpuddefootr2@oakley.com,Female,168.231.98.254
976,Eldon,Fance,efancer3@jimdo.com,Male,80.14.67.182
977,Denyse,Vispo,dvispor4@salon.com,Female,184.191.59.63
978,Christophorus,Aleksich,caleksichr5@yahoo.co.jp,Male,147.251.184.22
979,Corrianne,McLeman,cmclemanr6@boston.com,Female,188.66.156.89
980,Ray,Ronchka,rronchkar7@amazonaws.com,Male,248.31.234.210
981,Darrelle,Elloway,dellowayr8@ustream.tv,Female,92.221.112.17
982,Der,Godsil,dgodsilr9@mtv.com,Male,22.18.193.141
983,Dianna,Petofi,dpetofira@alibaba.com,Female,107.158.71.163
984,Shayne,Wensley,swensleyrb@tiny.cc,Male,184.143.172.146
985,Maxy,Portugal,mportugalrc@paypal.com,Female,190.116.56.63
986,Ingrim,Goldup,igolduprd@bing.com,Male,177.200.11.7
987,Moss,Goldbourn,mgoldbournre@merriam-webster.com,Male,217.29.230.225
988,Morris,Clayton,mclaytonrf@salon.com,Male,101.172.166.171
989,Alverta,Heis,aheisrg@amazon.co.uk,Female,162.210.240.39
990,Bernadette,Tollerton,btollertonrh@sciencedaily.com,Female,42.115.120.238
991,Meara,Ivanyukov,mivanyukovri@mozilla.org,Female,132.218.180.167
992,Katey,De Gogay,kdegogayrj@barnesandnoble.com,Female,20.189.185.217
993,Irvine,Ertel,iertelrk@discuz.net,Male,35.215.129.154
994,Conan,Clissett,cclissettrl@state.gov,Male,150.210.59.69
995,Sari,Brompton,sbromptonrm@arstechnica.com,Bigender,87.40.79.159
996,Pru,Durtnall,pdurtnallrn@live.com,Female,134.245.210.141
997,Jarvis,Pippin,jpippinro@yolasite.com,Male,39.126.92.233
998,Rozele,Petrowsky,rpetrowskyrp@msu.edu,Female,84.3.90.229
999,Mill,Daud,mdaudrq@slate.com,Male,4.239.61.52
1000,Coretta,Richardot,crichardotrr@dropbox.com,Female,103.193.99.71
